id,area_nm²,eq_diameter_nm,perimeter_nm,circularity,solidity,aspect_ratio,n_vertices,shape,nearest_neighbor_nm,nearest_neighbor_id,border_distance_nm,border_edge
1,156.2052,14.1027,46.6528,0.9019,1.0000,1.1626,8,spherical,116.4031,3,26.8959,T
2,132.8413,13.0053,42.6925,0.9159,1.0000,1.0297,8,spherical,17.0459,3,66.8949,L
3,117.4437,12.2284,40.3970,0.9044,1.0000,1.1590,8,spherical,12.8609,5,76.5498,L
4,143.2450,13.5050,45.0644,0.8864,1.0000,1.0163,8,quasi-spherical,13.2509,3,65.1708,L
5,151.8653,13.9054,46.2835,0.8909,1.0000,1.0316,8,quasi-spherical,12.8609,3,77.2395,L
6,150.5277,13.8441,46.4090,0.8783,1.0000,1.1170,8,quasi-spherical,12.3157,7,57.0676,R
7,132.3954,12.9835,43.6779,0.8721,1.0000,1.1032,8,quasi-spherical,10.6982,8,70.1707,R
8,135.6651,13.1428,45.7713,0.8138,0.9845,1.1384,7,quasi-spherical,10.6982,7,71.0327,R
9,139.6186,13.3330,44.1554,0.8999,1.0000,1.0180,8,quasi-spherical,13.1510,8,83.2738,R
10,250.4633,17.8578,59.4529,0.8904,1.0000,1.2892,8,quasi-spherical,30.3994,9,109.3077,R
11,161.4070,14.3356,47.6036,0.8951,1.0000,1.0982,7,quasi-spherical,15.3315,12,77.9291,B
12,230.3989,17.1275,57.6942,0.8698,1.0000,1.1138,8,quasi-spherical,15.3315,11,63.1019,B
13,236.2250,17.3428,60.7874,0.8034,0.9895,1.5636,8,quasi-spherical,15.5897,12,50.3436,B
14,145.4447,13.6083,44.7022,0.9146,1.0000,1.0397,8,spherical,17.1081,13,48.4471,B
